id	label	hovertext	author	x	y	type	relevance	size	year	umap1d
21135774	Is that so much different from FED? 	Is that so much different from FED? In theory there is some dependency on US President, but that just a theory, practice shows that private banks owners are much more influential.Not that I like or trust Facebook or its owner, but maybe Libra will introduce so	piokoch	5.391034	3.0933993	comment	3.0	12.5	1570020447	4.6990547
21163335	""">If Libra ignored these rules...""Th"	""">If Libra ignored these rules...""This isn't like Uber silently encroaching on a city's taxi medallion laws with grey-area definitions of ""taxi"" and ""employee"". Facebook cannot do something like this without attracting scrutiny at every stage, and as we saw wi"	ineedasername	5.3962007	3.084105	comment	3.0	16.0	1570240380	4.5337996
22983503	Given that it seems like Libra wants	Given that it seems like Libra wants to be an actual currency and comply with pretty much the demands of a national currency, which is to say stability, availability of monetary policy, features to clamp down on terrorism finance and compliance with domestic l	Barrin92	5.3976927	3.0859098	comment	3.0	12.0	1587865444	4.830121
28318901	Gotta say I love the ad copy for the	"Gotta say I love the ad copy for the 10 pound cube:    ADD to your collection! This cube is the larger version of the world famous tungsten cube
    COMPARE the density to our 2.5"" Aluminum cube to enhance the experience"	Avshalom	5.9456515	3.5714903	comment	3.0	13.5	1630003623	8.665308
28319865	I got one as well, around the same t	"I got one as well, around the same time actually, as a gift. I also fell into a strange fascination with it and find it fun to hold in the exact same ways as the author. Folks tend to get me 1"" element (or sometimes non elemental but interesting in another way"	zamadatix	5.926465	3.5705347	comment	3.0	23.5	1630008076	8.6130705
27966821	When Facebook tried to launch their 	"When Facebook tried to launch their own coin with Libra (now Diem) it went really badly, and they had lots of big names on-board, too: PayPal, eBay, Mastercard, Stripe, Visa. Diem seems to be battling on (maybe they want to make it the currency of their ""metav"	vosper	5.3925843	3.086762	comment	3.0	20.0	1627342312	4.639164
21452290	This ignores the big problems in Fac	This ignores the big problems in Facebook's Libra:1) It charges ECONOMIC RENTS.  The ethical asset backed and currency backed stable coin needs to pass profits from revenue generating assets to the currency holder.  The member companies should only take a tiny	HashThis	5.39234	3.0880032	comment	3.0	10.5	1572961743	4.7034326
36555436	Russia denies air supremacy with a s	Russia denies air supremacy with a spectrum of anti air defences, not air superiority fighters.IIRC Russia is at 99% air defence effectiveness vs the start of the Ukraine war; i.e. it has not been materially degraded at all, despite HARM anti-radar missiles an	barrkel	6.0770717	2.6420481	comment	3.0	10.5	1688246973	8.278548
25231329	Facebook’s Libra currency to launch 	Facebook’s Libra currency to launch next year in limited format	elsewhen	5.3949733	3.0858438	story	3.0	18.0	1606501714	4.63747
28846824	I have no insider knowledge, but my 	I have no insider knowledge, but my guess is that nobody wants to work on this project. Best to avoid any project that might get you hauled in front of the senate, which has already happened to Libra.	ashtonkem	5.407113	3.0791004	comment	3.0	10.5	1634085144	0.37607506
20215767	Anyone can build their own wallet, F	Anyone can build their own wallet, Facebook will offer its own wallet (calibra) but you will not have to use it. tl;dr, they can't freeze your wallet if you're not using theirs. Paypal, visa and coinbase will offer their own and you can build your own.	patrickaljord	5.4041834	3.0784464	comment	3.0	10.5	1560879185	4.687836
20251361	Libra shows what crypto and in parti	Libra shows what crypto and in particular blockchain is really for: allowing global megacorporations to start their assault on the nation state. It's pretty critical we undo this, while the nation state still has its monopoly on the legitimate use of force.	hkt	5.3917394	3.0912986	comment	3.0	15.5	1561232741	4.7087946
20262006	You’re forgetting that governments r	You’re forgetting that governments regulate the companies behind Libra, and can and will regulate it.	lukevdp	5.3880653	3.0927744	comment	3.0	10.5	1561372009	-0.78927976
20275132	I too dismissed Libra out of hand,  	"I too dismissed Libra out of hand,  but the coalition that Facebook is building is interesting.People say that ""Fintech threatens the banks"" but almost all Fintech companies partner with the banks in one way or another.Look at the companies involved with Libra"	PaulHoule	5.3912334	3.089182	comment	3.0	13.5	1561476116	4.704769
20320547	Is this article correct in its claim	Is this article correct in its claims that Facebook is in control of Libra and, more specifically, that Facebook makes money from the initial registration fees and will be able to directly make money in the future from e.g. transaction fees?	bo1024	5.3920264	3.0856223	comment	3.0	10.5	1561929155	4.697484
20320691	Alright, let's say these people do h	Alright, let's say these people do have money to spend. Cryptocurrenices have existed for about a decade. Libra is supposed to solve the problem because it's backed by reserves? There are already tokens out there backed by real currencies (e.g., USDC). Why are	JMTQp8lwXL	5.3913045	3.08729	comment	3.0	10.5	1561930693	4.687089
31117061	Semi related - a few months ago, whi	Semi related - a few months ago, while not fully sober, I was aimlessly browsing through Amazon and ended up owning a set of two 1.5inch cubes - one aluminium, one tungsten.It’s kind of a silly purchase considering it’s a lot of money for 2 metal cubes, but it	radicality	5.9234324	3.5751643	comment	3.0	20.5	1650589267	8.609557
20387875	I have been following Libra very clo	I have been following Libra very closely, and have read their white paper twice.There have been a few good discussions here on HN when it launched [0], but I think most of these have been very biased against anything Facebook-related.I find the launch of Libra	simonebrunozzi	5.3911324	3.089636	comment	3.0	17.0	1562630559	4.684142
20388335	>With Libra, anyone with a $40 smart	>With Libra, anyone with a $40 smartphone and connectivity will have the ability to securely safeguard their assets, access the world economy, transact at a much lower cost, and over time access a whole range of financial services.Bad actors will lift old expl	0xDEFC0DE	5.388372	3.09329	comment	3.0	10.5	1562636696	4.6896005
20405343	If we knew which government, I mean 	If we knew which government, I mean person, created bitcoin would the same apply? Or would the Feds be all over Satoshi Nakamoto?FB has been the subject of several congressional and parliamentary hearings around the globe recently. Why would they not question 	wil421	5.385531	3.0930579	comment	3.0	19.5	1562785841	-9.491377
20364941	Facebook Asked to Stop Libra Impleme	Facebook Asked to Stop Libra Implementation by US House of Representatives	iafrikan	5.3940234	3.0857866	story	3.0	10.0	1562353546	4.62089
20972221	That’s a very typical German mindset	That’s a very typical German mindset. You implicitly assume that nothing good can come out of Libra so it should be banned from the beginning. The pragmatic approach is to wait and see what happens. Most likely, it won’t be as successful as you assume it will 	Hermel	5.3851852	3.0906045	comment	3.0	12.5	1568481130	4.6744494
23903101	Facebook's Libra was dead as of July	Facebook's Libra was dead as of July 2019	davidgerard	5.392002	3.086961	story	3.0	9.0	1595289135	4.6501474
27045546	Tungsten cube was one of the best pu	Tungsten cube was one of the best purchases I ever made.	iaw	5.9306993	3.5720632	comment	4.0	20.0	1620182224	8.6008625
27045660	My cube is actually a high tungsten 	My cube is actually a high tungsten carbide. I do happen to have a 1kg elemental tungsten cylinder though. I like to imagine dropping it from space on things that would be greatly improved by becoming a crater.At some point I’d like to obtain matching gold and	User23	5.920537	3.5756662	comment	4.0	15.5	1620183327	8.596855
28320986	If anyone knows where to get a tungs	If anyone knows where to get a tungsten cube I would be interested. I’ve wanted one since reading this post a few years ago but every vendor usually sells alloys.	paulgerhardt	5.931446	3.584675	comment	4.0	10.5	1630012955	8.620419
30086875	I found the bias of the author to be	I found the bias of the author to be a bit... stupefying?> For all the effort from journalists trying to work out the precise 12-dimensional chess Facebook must surely have been playing … maybe Libra was just very stupid. Because it was a blockchain project st	janandonly	5.3956757	3.0810218	comment	4.0	17.5	1643211945	4.6535587
30667787	Inspired by Cube World?Are we not go	Inspired by Cube World?Are we not going to mention the 900lb gorilla, Minecraft?	chinchilla2020	5.9972515	3.5573788	comment	4.0	11.0	1647223531	-4.7466006
23314438	If anyone is wondering why this is a	If anyone is wondering why this is a big deal, let me explain. All major payment systems currently (PayPal, Venmo, FB Messenger, etc) are still based on government currencies. Libra is different as it is a cryptocurrency, so no government can easily control it	Assossa	5.3849344	3.093436	comment	4.0	13.5	1590516439	4.7024403
21161741	Interesting, but not surprising cons	"Interesting, but not surprising considering all the pressure from governments regarding Libra. I wonder if Facebook will ever back down from Libra considering how popular it is, or if they're going to adopt a ""rain or shine"" attitude and go forward with it reg"	Retroity	5.391563	3.0879712	comment	4.0	22.5	1570222016	4.5902166
21163792	I don't know what Libra's plans are 	"I don't know what Libra's plans are but couldn't Facebook make their own Paypal? What would really be the difference?I can hold a balance at Paypal. I can pay others and others can pay me. The ""crypto"" part seems like an implementation detail but otherwise irr"	greggman2	5.397144	3.0821798	comment	4.0	15.5	1570249377	4.6913633
21164509	What is so hateful about Libra when 	What is so hateful about Libra when compared with the People Bank of China's digital currency project? When that is launched, any non-chinese can hold digital yuan without a bank account.Wouldn't the west want something equivalent for geopolitical reasons?	Mengkudulangsat	5.3887796	3.092768	comment	4.0	11.5	1570266383	4.634136
21162905	It's way more complex than that. Pre	It's way more complex than that. Pretty much everyone in government and the crypto space doesn't want Libra to succeed under it's current stewardship. The implications are very far reaching. Also, there isn't a single cryptocurrency today that can't be tracked	chank	5.3859806	3.093204	comment	4.0	11.5	1570233558	4.727809
21189355	The Ties That Bind Facebook's Libra	The Ties That Bind Facebook's Libra	imartin2k	5.3909225	3.0880487	story	4.0	47.0	1570516099	4.6563325
21201068	The value in libra isn't in some nov	The value in libra isn't in some novel technical concept. From what I have seen they made some ugly trade-offs to make the whole thing scale, invented their own not-state-of-the-art BFT algorithm and invented a new programming language for smart contracts that	sgeisler	5.386641	3.0927176	comment	4.0	12.0	1570608248	4.676434
21228787	The centralisation of Libra made it 	The centralisation of Libra made it easy to kill. Bitcoin can be hampered but not outright killed, at least not over night. A death by a thousand cuts is the most likely solution but by no means guarantees Victory.	celticninja	5.399604	3.0956225	comment	4.0	23.5	1570830379	-1.8824748
21230810	Since Libra isn't distributed, in th	Since Libra isn't distributed, in the sense that anyone can start mining it, one of the key premises for its trust was that governance and operation will be handled by a group of powerful and trustworthy companies.The more companies leave the initiative the mo	Illniyar	5.392709	3.0874596	comment	4.0	30.5	1570856848	4.540998
24415834	26 m^3 of tungsten is what, less tha	26 m^3 of tungsten is what, less than a 3x3x3m cube?  If they stack 10 cubes at the bottom they get mostly the full storage (-3m at least) for each weight.  Seems feasible.	jayd16	5.9350314	3.5770502	comment	4.0	11.0	1599615824	8.625704
20180536	IMO this is it, the last best chance	IMO this is it, the last best chance for a cryptocurrency to take off and actually be used as a currency and not a speculative vehicle. If Libra fails, even with all of Facebook’s resources at its disposal, then there is unlikely to be any viable cryptocurrenc	xwdv	5.3928237	3.0880203	comment	4.0	14.0	1560485703	4.6818776
20247912	Banks and governments are going to r	Banks and governments are going to realize that Libra helps to defend the them from real cryptocurrencies.  Its completely tied to fiat, has no real privacy or ultimate control over the wallet, no value on its own or anti-inflation etc.It is really much more l	ilaksh	5.3892603	3.0917964	comment	4.0	16.5	1561175626	4.6945376
20247978	> Banks and governments are going to	> Banks and governments are going to realize that Libra helps to defend the them from real cryptocurrencies.That's not really a great selling point. So far most cryptocurrency adoption has either been for speculation or illegal activity. It hasn't caught on in	jakelazaroff	5.3902035	3.0907848	comment	4.0	13.5	1561176639	4.675179
20256258	Libra is the worst of all worlds: al	Libra is the worst of all worlds: all the supposed risks of “fiat” currencies the crypto-libertarians complain about, a cartel of VISA and other payment companies to earn from it, plus an added layer of centralization with the reigns in the hands of Facebook, 	IAmEveryone	5.386142	3.092653	comment	4.0	13.5	1561304403	4.687428
20293201	Why not we all just... let them laun	Why not we all just... let them launch and see what happens?Libra is nothing more than the latest iteration of a long line of stablecoins a-la Tether, USDC, GUSD etc. I find the industry and regulatory overreaction puzzling, surely these issues have been explo	Mengkudulangsat	5.390655	3.088366	comment	4.0	11.0	1561631658	4.675322
20297369	Looks interesting on a light skim. H	Looks interesting on a light skim. However, one key point that is always missing, how will people buy/cash-out this libra currency? Most developing countries have transactions going on in cash(unless it is happening in few hundred thousands). You'd be lucky if	n_ary	5.3998632	3.085158	comment	4.0	12.0	1561661572	4.686233
20345639	This is not surprising. The minute L	This is not surprising. The minute Libra starts operating it becomes the main money laundering tool in the world. Depending on how it's implemented it could easily topple the economies of smaller countries, and significantly increase funding for terrorist orga	luckydata	5.391596	3.093328	comment	4.0	12.0	1562170320	4.7342706
20388767	When you're talking about controllin	"When you're talking about controlling money, politics matter more than ""technical merit"".Libra is invite only and they invited their business friends.Libra consortium is based in Switzerland, so the businesses involved have guaranteed essentially zero governme"	hajile	5.388505	3.09238	comment	4.0	12.0	1562642735	4.6959968
20452830	>Facebook’s core revenue model aroun	>Facebook’s core revenue model around Libra is that more online commerce will lead businesses to spend more on Facebook adsThat's not believable, but I think it was meant as a believable motivation that could be told to people to make them feel like they under	whatshisface	5.393905	3.0866735	comment	4.0	11.5	1563303168	4.73572
20453226	Any new system will necessarily have	Any new system will necessarily have better oversight than the one that has co-evolved in a murky organic soup with cash and foreign exchange. Even bitcoin has more transparency than the majority of transactions today.Watching some of those Senate hearings is 	motohagiography	5.389108	3.0922759	comment	4.0	13.0	1563306242	4.7017946
20474643	So a Libra wallet will be no differe	So a Libra wallet will be no different than an international  0%-interest checking account, with transaction fees. Seems like FB could have just announced that to avoid being slaughtered by every news outlet and regulator.They've already shifted their plan by 	the_pwner224	5.387269	3.093768	comment	4.0	11.5	1563489595	4.701062
20970899	Best thing I've read on Libra: https	Best thing I've read on Libra: https://foreignpolicy.com/2019/06/24/971554-facebook-bitcoin...	TazeTSchnitzel	5.389908	3.0888698	comment	4.0	29.0	1568470565	4.629337
30780897	I'm going to go against the grain he	I'm going to go against the grain here and say denuclearization is not the solution for peace. I believe the reason the world has been at (relative) peace since WWII is because of the threat of a nuclear war.If Ukraine had kept their nuclear weapons, do you th	Kibae	6.081022	2.988186	comment	4.0	12.0	1648056101	8.367699
28319289	 > I struggled a lot with deciding t	 > I struggled a lot with deciding to buy a cube. It felt wrong to spend so much money on a featureless hunk of metal.When I bought my cube, I used it as an exercise to fight back against my frugality.But it wasn't meant to be: it was delivered to the wrong ad	_caw	5.938111	3.5609672	comment	5.0	14.0	1630005392	8.563795
22984272	What is Facebook's supposedly compel	What is Facebook's supposedly compelling justification for for being behind Libra? On its face it makes about as much sense as having Facebook provide health insurance or a grocery store.	mehrdadn	5.390017	3.0886664	comment	5.0	13.0	1587873413	4.600051
20217178	Correct.Libra coin is backed by Visa	Correct.Libra coin is backed by Visa.  The whole point of cryptocurrency to avoid having to go through middlemen like Visa or even require banks.This is a way for the intermediaries to cash in on the cryptocurrency hype and squash it before cryptocurrency paym	ilaksh	5.398387	3.089041	comment	5.0	21.0	1560885294	4.6659136
20223061	It’s strange how quiet the pro-Faceb	It’s strange how quiet the pro-Facebookers become on threads like these. Yesterday, we saw a lot of energy around Libra on both sides of the Facebook spectrum.I’d love to hear an argument from someone defending this company that isn’t “everybody does it.”	save_ferris	5.3917475	3.0879061	comment	5.0	19.5	1560950576	4.6798067
20228429	You all need to read the following e	You all need to read the following excerpt from Matt Levine's thoughts on Libra:> So, first, Libra will be a “stablecoin,” in the sense that its value will be pinned to conventional financial assets. Unlike most stablecoins, though, it will be pinned to a bask	55555	5.3897285	3.0915155	comment	5.0	13.5	1560987545	4.656719
20248163	Libra seems like the worst of all wo	Libra seems like the worst of all worlds. Zero anonymity like a credit card, the untrustworthiness of Facebook, and with the paltry transaction throughput of a cyptocurrency.I saw the greatest minds of my generation destroyed by being tasked with making financ	mullingitover	5.395	3.0901499	comment	5.0	16.5	1561180773	4.6844873
20251050	Libra isn't a cypherpunk wet dream, 	Libra isn't a cypherpunk wet dream, but it moves us in that direction and thats a good thing. This article is written from the perspective that crypto mass-adoption is right around the corner (i.e. just a few UX tweaks) and that Libra will displace the crypto-	aakilfernandes	5.391518	3.0889552	comment	5.0	23.0	1561229081	4.696568
20276424	Adding the words blockchain and cryp	"Adding the words blockchain and cryptocurrency to this new Facebook initiative gives it an air of ""innovation"", the sort that reacts to criticism with ""this is too new and innovative for you to understand"", and ""stogy governments don't like to innovate like we"	boh	5.389591	3.0897121	comment	5.0	15.5	1561482645	4.67634
20972930	Which is one reason why capital cont	Which is one reason why capital controls are so destructive. Allowing denizens to keep their savings in whatever form they so choose is a human right. Libra will afford people the  option to invest in and use a token that is backed 1 for 1 to a basket of globa	bko	5.389833	3.0938737	comment	5.0	18.5	1568487341	4.732448
21162910	Except that1. Same has been said of 	Except that1. Same has been said of Bitcoin, and yet the government kinda embraced it.2. Facebook is not making Libra. It is a non-profit based in Switzerland.3. Libra is backed by USD-EUR-JPY and the related countries might turn a blind eye because of that.	csomar	5.400146	3.0806088	comment	5.0	20.5	1570233597	4.675589
25323513	Libra was interesting. With their ba	Libra was interesting. With their basket of currencies and easily programmable contracts, it was a semi-unique project in crypto space.Over the months, their ambition has been cut a lot by regulators. No more basket of currencies, now just US Dollar. At this p	flixic	5.387869	3.0925603	comment	5.0	19.5	1607263400	4.737155
20211377	>Libra’s mission is to enable a simp	">Libra’s mission is to enable a simple global currency and financial infrastructure [...] This document outlines our plans for a new decentralized blockchain,The ""decentralized"" can be parsed different ways.  Facebook Libra is decentralizing the transactions b"	jasode	5.3899775	3.0908275	comment	6.0	26.5	1560853407	4.6310835
20223031	but to play the devil's advocate, wh	but to play the devil's advocate, why should a service which proportedly offer a benefit to the user of that service be disallowed to be offered? If a country's citizens chose to use libra, it must be because they found it useful, and the country should not ha	chii	5.398209	3.0888546	comment	6.0	20.0	1560950371	3.9423666
21452179	Typical blockchain and Libra hatchet	Typical blockchain and Libra hatchet job, except this time under the veneer of someone with software skills. I will make some counterpoints.> Byzantine fault tolerance is a fairly niche area of distributed systems research that concerns the ability of a networ	seibelj	5.390638	3.0908346	comment	6.0	15.5	1572960679	4.720472
23312087	Anybody have thoughts on how much tr	Anybody have thoughts on how much traction Libra and Novi get?  At first, I was skeptical, but I’m thinking that over 3-5 years that it will catch on.	scottporad	5.397033	3.0873837	comment	6.0	19.5	1590505640	-10.453632
38072912	This isn't even the first time this 	This isn't even the first time this has happened. Remember when they renamed Libra? I think they just assume it doesn't matter, and if it does, the settlement will be a blip. It doesn't always work out that way for them.	metajack	5.3886604	3.093252	comment	6.0	17.0	1698688011	4.740473
20972206	> Hey do you mind if we just skip th	> Hey do you mind if we just skip the paperwork part and just control currency, while actually being a social media tech giantThis is a gross mischaracterization of what Libra is. Libra is a token that's backed 1 to 1 on some basket of currencies and mostly go	bko	5.3874903	3.0935102	comment	6.0	36.0	1568481049	4.693521
25323680	The whole “unbanked” thing is really	The whole “unbanked” thing is really unconvincing, because there's no way Libra/Diem will be usable for people who don't have identity documents and the evidence needed for KYC/AML forms, and that excludes most unbanked people.As for international money transf	TazeTSchnitzel	5.4093447	3.0697224	comment	6.0	27.5	1607265225	-1.596929
20211727	What I still don’t see here is a com	What I still don’t see here is a compelling use case which would make a critical mass of users say “this is demonstrably better for me than the existing payments system.”  All I see from my perspective as a potential user is I can do what I can already do with	jshaqaw	5.392723	3.0899115	comment	7.0	23.5	1560856628	4.6468005
20249131	But why would Libra increase rather 	But why would Libra increase rather than decrease interest in Bitcoin? Is there any actual rationale?	msamwald	5.3890166	3.09056	comment	7.0	17.5	1561204945	4.7275066
20388037	Let's call this for what it really i	Let's call this for what it really is, they want to replace democracy with Corporatism.At least with a government backed currency we get a choice on who runs the government. Even though that power is constantly being eroded.The companies that run Libra however	r32a_	5.3882737	3.092301	comment	7.0	33.5	1562632866	4.7212844
21134831	Libra feels to me as a step towards 	Libra feels to me as a step towards big companies trying to break free from governments. If they control the money supply the long term effect would most likely be that they have the control of everything.I think Libra is very frightening and I hope it fails. 	ecmascript	5.3861914	3.0928109	comment	7.0	31.0	1570011017	4.7208796
21138264	To counter-balance what I read here:	"To counter-balance what I read here: I left Facebook, but I find that Libra is a positive thing. It gave me a positive image of Facebook. I thought ""Zuckerberg can actually have a positive impact when he decides to"".Personally, I would trust Facebook more than"	throaway466744	5.3923473	3.0880892	comment	7.0	20.0	1570033769	4.663215
21228668	It looks like a misstep followed by 	It looks like a misstep followed by a hasty and ignominious retreat because thats exactly what happened - no one anticipated the reaction from lawmakers and rules agencies.Its kind of hard to see this from the perspective of people who follow tech and HN, but 	jeremyjh	5.3909354	3.09207	comment	7.0	20.5	1570829424	4.733677
30534202	How can Romania as a NATO member pos	How can Romania as a NATO member possess a MIG 21?	firebaze	6.081035	2.7547903	comment	7.0	24.5	1646260254	8.36336
20211138	> That sounds amazingly dystopian. I	"> That sounds amazingly dystopian. I mean, that’s literally a money built on an oligarchy. By design.IMO, it's a small step towards a better direction. The ""validator"" consensus (oligarchy) is a much more transparent/inclusive solution compared to the closed f"	acesubido	5.391354	3.0907896	comment	8.0	22.0	1560851518	4.6927714
20221659	Ask HN: Would you use new Facebook c	Ask HN: Would you use new Facebook cryptocurrency Libra?	ciccionamente	5.3894124	3.0893304	story	8.0	5.0	1560932381	4.6488748
20389021	There are millions of people around 	There are millions of people around the world that are unbanked.  Especially in 3rd world countries, they get on the internet by buying the cheapest possible smartphone and data with cash.  I was just in the Philippines, and I saw places selling access to only	spaced-out	5.406243	3.0785935	comment	8.0	26.5	1562646353	1.0576288
20405444	My main concern about libra is that,	My main concern about libra is that, by being strongly tied to real currencies, libra issuers (not just facebook, all of them) have effectively assumed the role of unsanctioned mints, with the ability to damage the stability of each currency because libra is n	TheRealPomax	5.3818617	3.0976918	comment	8.0	56.5	1562786455	4.654649
20970984	How do you stop people obtaining it 	How do you stop people obtaining it and using it through their buddies on the internet? Is libra tied to an account like game money? AFAIK it's a cryptocurrency? Haven't looked at the details but cryptocurrency implies it stays on some distributed ladger and n	mrtksn	5.3854766	3.0955725	comment	8.0	34.0	1568471304	4.665172
31117503	When I heard that the crypto million	"When I heard that the crypto millionaires were buying Tungsten cubes for fun, I checked into the prices. Amazon lists a 1.5"" cube (weighs 1 kg) at $199 and a 4"" cube (that weighs 18.9 kg [0]) at $3499.  There's no way I'm spending that, but I will admit to wan"	chiph	5.9257574	3.5754366	comment	8.0	29.0	1650593846	8.587255
29066482	Crypto Investors Are Bidding to Touc	Crypto Investors Are Bidding to Touch a 1,784-Pound Tungsten Cube Once a Year	croes	5.9269977	3.575177	story	8.0	18.0	1635773789	8.597575
21452213	> Libra has no capacity for consumer	> Libra has no capacity for consumer protection mechanisms.You can replace Libra quote above with your favorite cryptocurrency and that pretty much sums up what I feel on the crypto space.	westoque	5.385312	3.0932593	comment	8.0	76.5	1572960933	4.702377
30488053	It's not the 1950s. Stalin is dead. 	It's not the 1950s. Stalin is dead. Russia is not fighting this war to annihilate Ukraine. They want to restore a supplicant government loyal to Russia, and keep funding them to that effect. Same playbook they're using in the rest of their satellite republics.	livinginfear	6.0560455	2.9680288	comment	8.0	20.0	1645967321	8.483558
35208823	Unrelated but fascinating: I have re	Unrelated but fascinating: I have recently seen a group of people who acquired a 50 lb tungsten cube. At first it seems like a weird thing to spend a few thousand dollars to have but then everyone who interacts with it is fascinated by it, even describing the 	IgorPartola	5.9279637	3.568681	comment	8.0	21.5	1679145160	8.555202
35471159	F-16 training for Ukrainian pilots s	F-16 training for Ukrainian pilots successful: U.S. makes course “much shorter”	belter	6.079793	2.6940053	story	8.0	40.0	1680800227	8.271734
20222420	Honest question: how is this differe	Honest question: how is this different to a website having a means for users to buy tokens, and then either give those tokens to another person on the site or trade them with another user?I can buy reddit gold and then gift that gold to someone who amuses me w	docdeek	5.392263	3.0876427	comment	9.0	30.0	1560944490	4.6762567
21228907	David Marcus update [1] :Special tha	David Marcus update [1] :Special thanks to @Visa and @Mastercard for sticking it out until the 11th hour. The pressure has been intense (understatement), and I respect their decision to wait until there’s regulatory clarity for @Libra_ to proceed, vs. the invo	lucasverra	5.3949413	3.0833457	comment	9.0	66.0	1570831372	-0.18390635
21452478	I don't disagree with the article pe	I don't disagree with the article per se, but I think many technologists are missing the forest for the trees when it comes to the motivations here. Or perhaps they're being charitable and are evaluating Libra on purely on its stated motivations rather than th	matthewdgreen	5.385232	3.0931618	comment	9.0	31.5	1572963327	-1.5848926
34319320	My understanding is that NATO member	My understanding is that NATO members are required to maintain a certain type of jet, and the only one of the required type currently for sale in the western countries is the F-35. Even the Europeans are buying it.So you literally have to, by NATO contract.	amalgamated_inc	5.9953647	2.6295352	comment	9.0	24.5	1673315658	6.1610336
20213268	There is at least this from Zuckerbe	"There is at least this from Zuckerberg's announcement : ""Calibra will be regulated like other payment service providers. Any information you share with Calibra will be kept separate from information you share on Facebook."""	renaudg	5.4119763	3.0721395	comment	10.0	30.0	1560867623	1.2629043
20256078	Facebook’s Libra must be stopped	Facebook’s Libra must be stopped	hhs	5.393165	3.0862339	story	10.0	75.0	1561302789	4.6819124
20295767	Libra is targeted at developing coun	Libra is targeted at developing countries	iafrikan	5.389121	3.0903897	story	11.0	48.0	1561651929	4.738534
20320309	Nipping Libra in the Bud	Nipping Libra in the Bud	robin_reala	5.420583	3.0902169	story	11.0	156.0	1561926531	4.9317803
20473860	Under pressure from regulators, Face	Under pressure from regulators, Facebook is rethinking Libra's design	jackalo	5.391231	3.0882294	story	11.0	74.0	1563483460	4.626881
20292622	Call me dumb for saying this, but I 	Call me dumb for saying this, but I can go to a casino or chuck e. cheese and trade in USD for chips I use at their location. I could take those chips somewhere else if I wanted to and use them with anyone willing to take them. Why is Libra so upsetting? Isn't	lammalamma25	5.390618	3.087756	comment	12.0	41.0	1561623792	4.6681414
20210979	"It’s going to be interesting.
“Unlik"	"It’s going to be interesting.
“Unlike previous stablecoins, Libra will not be issued by a central party. Instead, Facebook has enlisted 27 fellow Silicon Valley titans—among them PayPal, Visa, Spotify, Mastercard, Uber, and eBay—to operate as preliminary “vali"	leshokunin	5.395874	3.088507	comment	13.0	51.0	1560850374	4.701694
20320550	Idk why this article is so high up h	"Idk why this article is so high up here, it's not very good.- The article implies Facebook ""already made money off Libra"", that's false. That $270M goes to the non-profit Libra Association in Switzerland, of which Facebook is 1 of 28 current members. They don'"	carlosdp	5.396722	3.0838485	comment	13.0	82.5	1561929168	4.687828
20404480	Fed Chair Jerome Powell Has ‘Serious	Fed Chair Jerome Powell Has ‘Serious Concerns’ with Facebook Libra Proposal	ptd	5.3893003	3.0879292	story	13.0	130.0	1562781174	4.6566634
21455739	Factual Inaccuracies of “Facebook Li	Factual Inaccuracies of “Facebook Libra Is Architecturally Unsound”	dochtman	5.3924756	3.0870392	story	13.0	138.0	1572982001	4.6266418
20212834	"From the white paper:> ""Libra’s miss"	"From the white paper:> ""Libra’s mission is to enable a simple global currency and financial infrastructure that empowers billions of people.""They do this by issuing coins in exchange for fiat money, which is held by the reserve.> ""Interest on the reserve asset"	fnoof	5.3826356	3.0951118	comment	15.0	56.0	1560865196	4.676998
20452080	Highlights from Facebook’s Libra Sen	Highlights from Facebook’s Libra Senate hearing	lil-scamp	5.4062696	3.0799992	story	16.0	113.0	1563298235	1.3383574
20210782	Libra Core	Libra Core	dfischer	5.408227	3.086126	story	17.0	94.0	1560848281	-5.989954
20275570	> The largest leap will come last: L	> The largest leap will come last: Libra as a genuine currency, not simply a medium for transaction. This will be function of volume in the previous two use cases, and is understandably concerning to governments all over the world.Well that's certainly an unde	gooseus	5.4053116	3.09491	comment	17.0	100.0	1561478664	4.684501
20344703	House lawmakers ask Facebook to put 	House lawmakers ask Facebook to put Libra cryptocurrency project on hold	smacktoward	5.391162	3.0877113	story	17.0	143.0	1562165212	4.665261
21133812	Visa, Mastercard, Others Reconsider 	Visa, Mastercard, Others Reconsider Involvement in Facebook's Libra Network	JumpCrisscross	5.393023	3.084431	story	17.0	184.0	1569997097	4.6578927
30084767	Facebook’s Libra is still dead – Die	Facebook’s Libra is still dead – Diem to be sold off for spare parts	davidgerard	5.395597	3.0840654	story	17.0	186.0	1643200711	4.68014
20222267	Facebook urged to pause Libra crypto	Facebook urged to pause Libra crypto-currency project	headalgorithm	5.393791	3.086579	story	18.0	107.0	1560942075	4.6065354
20548115	MIT Fellow Says Facebook ‘Lifted’ Hi	MIT Fellow Says Facebook ‘Lifted’ His Ideas for Libra Cryptocurrency	espeed	5.3908544	3.0887063	story	18.0	105.0	1564328870	4.611938
20388846	I'm asking this in all seriousness. 	"I'm asking this in all seriousness. Why would anyone want to use Libra?Let's say a consumer wants to buy something. They can either pay with ""normal"" money in one step or they can use their phone to convert their money into Libra and then make the purchase wit"	IAmGraydon	5.388356	3.092559	comment	19.0	75.5	1562643738	4.687767
20217066	This is an interesting story and I w	This is an interesting story and I would like to learn more about libra-coin.  Unfortunately I think hackernews has a strong anti-facebook bias that is making the opinions here nearly universally one sided.I think we can say three things fairly uncontroversial	vivekd	5.390831	3.0862525	comment	22.0	111.5	1560884762	4.7001705
21162607	Here are some wild predictions I'm m	Here are some wild predictions I'm making+ Many (or potentially all of the backers except Facebook) will withdraw from the alliance.+ Facebook/Zuckerberg will defy the gov.s and launch Libra.+ Libra might not dominate the world, but it'll be a success (at leas	csomar	5.419821	3.079071	comment	23.0	112.5	1570230076	4.6706176
21161233	Paypal Withdraws from Facebook's Lib	Paypal Withdraws from Facebook's Libra Cryptocurrency	coloneltcb	5.3926396	3.083598	story	23.0	538.0	1570218479	4.695653
20203850	Facebook’s Libra cryptocurrency: Pri	Facebook’s Libra cryptocurrency: Privacy and stability concerns	headalgorithm	5.3904433	3.0899832	story	24.0	137.0	1560784953	4.679346
21200180	Open Libra: An open platform for fin	Open Libra: An open platform for financial inclusion	yosoyubik	5.392196	3.091645	story	25.0	139.0	1570597239	4.6698513
20210667	Calibra – Digital Wallet for Libra	Calibra – Digital Wallet for Libra	alcio	5.4008393	3.0762637	story	26.0	100.0	1560846208	13.444119
23311934	Facebook Novi: Wallet for Libra Digi	Facebook Novi: Wallet for Libra Digital Currencies	milen	5.3945465	3.083294	story	26.0	129.0	1590504908	4.6827025
